CATEGORY	TICKER	DATE	OPEN	CLOSE	HIGH	LOW
Health	UNH	2022-08-01	542.27	535.38	543.65	531.0
Health	UNH	2022-08-02	537.55	535.46	540.53	531.72
Health	UNH	2022-08-03	537.26	540.65	543.62	535.69
Health	UNH	2022-08-04	539.29	533.75	540.43	532.755
Health	UNH	2022-08-05	530.0	535.06	535.5	527.56
Health	UNH	2022-08-06	534.95	535.83	538.4	530.49
Health	UNH	2022-08-07	537.43	536.22	539.85	531.95
Health	UNH	2022-08-08	539.91	536.6	541.3	533.42
Health	UNH	2022-08-09	540.0	537.26	545.74	536.38
Health	UNH	2022-08-10	540.26	537.72	541.98	533.81
Health	UNH	2022-08-11	538.24	532.86	538.6336	529.675
Health	UNH	2022-08-12	535.61	543.7	544.395	534.45
Health	UNH	2022-08-13	538.64	544.17	545.8	536.5
Health	UNH	2022-08-14	540.15	544.4	546.5	537.53
Health	UNH	2022-08-15	541.67	544.64	547.21	538.56
Health	UNH	2022-08-16	545.21	546.12	547.44	542.39
Health	UNH	2022-08-17	545.24	545.0	547.79	541.57
Health	UNH	2022-08-18	545.01	545.22	548.13	541.82
Health	UNH	2022-08-19	545.5	548.32	553.1299	544.815
Health	UNH	2022-08-20	543.44	546.45	551.32	543.08
Health	UNH	2022-08-21	542.41	545.51	550.42	542.22
Health	UNH	2022-08-22	541.39	544.57	549.52	541.35
Health	UNH	2022-08-23	543.29	535.8	543.29	533.21
Health	UNH	2022-08-24	536.68	536.46	539.86	535.02
Health	UNH	2022-08-25	535.01	541.57	542.02	531.25
Health	UNH	2022-08-26	542.26	529.25	543.19	528.22
Health	UNH	2022-08-27	534.13	529.51	538.05	525.55
Health	UNH	2022-08-28	530.07	529.64	535.47	524.21
Health	UNH	2022-08-29	526.0	529.77	532.9	522.87
Health	UNH	2022-08-30	530.41	522.84	531.09	521.79
Health	UNH	2022-08-31	520.82	519.33	527.1	519.155
Health	UNH	2022-09-01	519.33	524.0	524.26	515.09
Health	UNH	2022-09-02	529.62	516.35	529.79	513.81
Health	UNH	2022-09-03	524.77	517.01	528.62	515.37
Health	UNH	2022-09-04	522.35	517.35	528.04	516.14
Health	UNH	2022-09-05	521.14	517.51	527.75	516.53
Health	UNH	2022-09-06	519.93	517.68	527.45	516.92
Health	UNH	2022-09-07	517.0	521.68	523.5	514.68
Health	UNH	2022-09-08	520.95	527.51	528.49	518.81
Health	UNH	2022-09-09	527.83	524.34	527.83	522.58
Health	UNH	2022-09-10	526.41	527.8	531.42	522.54
Health	UNH	2022-09-11	525.7	529.52	533.22	522.52
Health	UNH	2022-09-12	525.0	531.25	535.02	522.5
Health	UNH	2022-09-13	524.0	513.96	525.26	511.97
Health	UNH	2022-09-14	514.0	509.77	515.38	506.1
Health	UNH	2022-09-15	516.3	522.91	527.98	514.1402
Health	UNH	2022-09-16	518.52	521.02	522.82	517.08
Health	UNH	2022-09-17	518.56	522.28	523.41	515.03
Health	UNH	2022-09-18	518.58	522.91	523.7	514.0
Health	UNH	2022-09-19	518.59	523.55	524.0	512.97
Health	UNH	2022-09-20	524.24	522.8	524.67	514.81
Health	UNH	2022-09-21	525.03	512.08	528.01	512.02
Health	UNH	2022-09-22	511.03	517.46	520.97	506.1101
Health	UNH	2022-09-23	513.56	513.61	514.66	506.38
Health	UNH	2022-09-24	510.47	510.99	513.62	502.69
Health	UNH	2022-09-25	508.93	509.68	513.1	500.85
Health	UNH	2022-09-26	507.39	508.36	512.57	499.0
Health	UNH	2022-09-27	510.37	508.37	516.795	503.58
Health	UNH	2022-09-28	506.48	513.94	516.27	500.8
Health	UNH	2022-09-29	514.77	508.83	514.77	502.47
Health	UNH	2022-09-30	511.1	505.04	516.55	504.84
Health	UNH	2022-10-01	509.09	510.27	517.18	505.12
Health	UNH	2022-10-02	508.08	512.89	517.49	505.26
Health	UNH	2022-10-03	507.08	515.51	517.81	505.4
Health	UNH	2022-10-04	518.35	523.17	524.59	516.83
Health	UNH	2022-10-05	521.0	527.07	529.35	520.13
Health	UNH	2022-10-06	528.33	519.13	528.575	516.74
Health	UNH	2022-10-07	514.17	504.85	514.17	501.06
Health	UNH	2022-10-08	509.88	501.86	510.24	498.04
Health	UNH	2022-10-09	507.74	500.36	508.27	496.53
Health	UNH	2022-10-10	505.6	498.86	506.31	495.02
Health	UNH	2022-10-11	496.97	499.81	506.83	495.18
Health	UNH	2022-10-12	502.13	499.96	508.25	498.21
Health	UNH	2022-10-13	493.45	509.91	513.47	487.74
Health	UNH	2022-10-14	520.0	513.13	529.91	511.93
Health	UNH	2022-10-15	518.87	517.5	527.11	513.61
Health	UNH	2022-10-16	518.31	519.69	525.71	514.44
Health	UNH	2022-10-17	517.74	521.88	524.31	515.28
Health	UNH	2022-10-18	532.0	522.21	532.0	518.325
Health	UNH	2022-10-19	521.74	520.32	523.815	514.6
Health	UNH	2022-10-20	523.05	520.88	529.42	519.78
Health	UNH	2022-10-21	518.06	533.73	536.5325	518.01
Health	UNH	2022-10-22	528.07	537.66	541.51	527.9
Health	UNH	2022-10-23	533.07	539.63	544.0	532.85
Health	UNH	2022-10-24	538.07	541.6	546.48	537.8
Health	UNH	2022-10-25	537.79	540.22	543.92	533.9
Health	UNH	2022-10-26	541.38	543.17	547.64	540.205
Health	UNH	2022-10-27	546.52	541.8	546.52	539.76
Health	UNH	2022-10-28	544.97	551.24	553.0	543.69
Health	UNH	2022-10-29	549.99	553.19	555.55	546.91
Health	UNH	2022-10-30	552.5	554.17	556.83	548.52
Health	UNH	2022-10-31	555.0	555.15	558.1	550.13
Health	UNH	2022-11-01	555.0	547.31	555.69	544.22
Health	UNH	2022-11-02	544.41	543.43	554.58	543.07
Health	UNH	2022-11-03	541.74	543.61	547.87	538.13
Health	UNH	2022-11-04	547.05	538.17	547.76	527.14
Health	UNH	2022-11-05	542.61	541.6	547.36	531.31
Health	UNH	2022-11-06	540.39	543.31	547.15	533.39
Health	UNH	2022-11-07	538.17	545.02	546.95	535.47
Health	UNH	2022-11-08	547.05	553.05	554.8	542.0
Health	UNH	2022-11-09	553.78	540.66	554.61	539.44
Health	UNH	2022-11-10	548.93	544.17	551.7	533.95
Health	UNH	2022-11-11	546.28	522.08	546.28	509.65
Health	UNH	2022-11-12	534.14	517.91	537.63	511.53
Health	UNH	2022-11-13	528.07	515.83	533.31	512.47
Health	UNH	2022-11-14	522.0	513.75	528.98	513.41
Health	UNH	2022-11-15	512.81	503.01	516.635	500.7724
Health	UNH	2022-11-16	505.89	511.52	514.13	505.47
Health	UNH	2022-11-17	512.16	515.31	526.98	512.16
Health	UNH	2022-11-18	522.12	530.0	532.995	519.4591
Health	UNH	2022-11-19	525.57	523.6	532.47	517.42
Health	UNH	2022-11-20	527.29	520.39	532.21	516.4
Health	UNH	2022-11-21	529.01	517.19	531.95	515.38
Health	UNH	2022-11-22	519.94	523.09	524.6552	519.91
Health	UNH	2022-11-23	525.0	529.71	530.44	523.0
Health	UNH	2022-11-24	529.5	533.66	535.64	527.76
Health	UNH	2022-11-25	534.0	537.62	540.85	532.52
Health	UNH	2022-11-26	534.91	534.94	540.22	532.11
Health	UNH	2022-11-27	535.37	533.61	539.9	531.9
Health	UNH	2022-11-28	535.83	532.27	539.58	531.69
Health	UNH	2022-11-29	531.67	528.0	532.97	523.65
Health	UNH	2022-11-30	529.72	547.76	548.08	527.48
Health	UNH	2022-12-01	552.36	536.91	553.0	535.8
Health	UNH	2022-12-02	532.83	536.16	538.61	532.44
Health	UNH	2022-12-03	532.16	535.6	539.5	531.66
Health	UNH	2022-12-04	531.83	535.32	539.94	531.27
Health	UNH	2022-12-05	531.49	535.04	540.38	530.88
Health	UNH	2022-12-06	534.42	539.32	540.59	534.24
Health	UNH	2022-12-07	540.84	542.91	545.905	539.6344
Health	UNH	2022-12-08	544.86	547.92	551.29	543.78
Health	UNH	2022-12-09	547.93	539.2	548.49	538.87
Health	UNH	2022-12-10	544.89	542.53	547.28	539.08
Health	UNH	2022-12-11	543.37	544.19	546.68	539.18
Health	UNH	2022-12-12	541.85	545.86	546.079	539.28
Health	UNH	2022-12-13	550.56	538.22	550.99	535.1
Health	UNH	2022-12-14	541.93	538.36	543.48	531.57
Health	UNH	2022-12-15	533.99	527.68	534.07	525.47
Health	UNH	2022-12-16	525.15	523.7	525.81	515.72
Health	UNH	2022-12-17	524.88	523.65	526.51	518.32
Health	UNH	2022-12-18	524.74	523.62	526.86	519.62
Health	UNH	2022-12-19	524.6	523.6	527.2111	520.928
Health	UNH	2022-12-20	526.99	520.21	526.99	519.7
Health	UNH	2022-12-21	523.63	527.54	527.8799	518.1
Health	UNH	2022-12-22	526.48	527.09	529.01	521.63
Health	UNH	2022-12-23	524.1	531.31	531.31	522.895
Health	UNH	2022-12-24	529.01	531.65	533.58	526.37
Health	UNH	2022-12-25	531.47	531.82	534.71	528.11
Health	UNH	2022-12-26	532.7	531.9	535.28	528.98
Health	UNH	2022-12-27	533.93	531.99	535.84	529.845
Health	UNH	2022-12-28	535.07	528.45	538.15	527.734
Health	UNH	2022-12-29	532.54	529.88	533.68	528.86
Health	UNH	2022-12-30	530.0	530.18	530.5	524.84
Health	UNH	2022-12-31	527.57	524.41	528.07	518.5
Health	UNH	2023-01-01	526.35	521.52	526.85	515.33
Health	UNH	2023-01-02	525.74	520.08	526.24	513.75
Health	UNH	2023-01-03	525.13	518.64	525.63	512.1601
Health	UNH	2023-01-04	518.64	504.5	518.64	500.6
Health	UNH	2023-01-05	501.01	489.96	502.09	488.5
Health	UNH	2023-01-06	491.59	490.0	492.87	487.5401
Health	UNH	2023-01-07	492.0	490.03	496.43	488.04
Health	UNH	2023-01-08	492.21	490.04	498.21	488.29
Health	UNH	2023-01-09	492.41	490.06	499.99	488.54
Health	UNH	2023-01-10	488.85	486.0	490.47	482.68
Health	UNH	2023-01-11	485.29	493.4	495.6	485.0
Health	UNH	2023-01-12	490.0	495.67	498.73	485.22
Health	UNH	2023-01-13	486.11	489.57	509.5	486.0
Health	UNH	2023-01-14	488.65	487.32	501.22	484.89
Health	UNH	2023-01-15	489.92	486.2	497.08	484.33
Health	UNH	2023-01-16	490.56	485.64	495.01	484.05
Health	UNH	2023-01-17	491.2	485.08	492.94	483.78
Health	UNH	2023-01-18	488.05	476.24	489.5	474.75
Health	UNH	2023-01-19	477.87	484.36	486.39	477.3882
Health	UNH	2023-01-20	485.53	486.72	486.99	479.0
Health	UNH	2023-01-21	486.11	486.26	488.55	480.19
Health	UNH	2023-01-22	486.39	486.03	489.33	480.79
Health	UNH	2023-01-23	486.68	485.81	490.1	481.39
Health	UNH	2023-01-24	500.26	491.6	500.26	480.0
Health	UNH	2023-01-25	489.28	492.5	495.36	485.73
Health	UNH	2023-01-26	492.5	492.48	496.45	490.5801
Health	UNH	2023-01-27	493.37	486.05	493.37	484.47
Health	UNH	2023-01-28	490.59	485.92	494.31	484.63
Health	UNH	2023-01-29	489.2	485.86	494.78	484.72
Health	UNH	2023-01-30	487.81	485.79	495.25	484.8
Health	UNH	2023-01-31	498.0	499.19	505.5	493.13
Finance	MS	2022-08-01	83.66	84.09	84.54	83.01
Finance	MS	2022-08-02	83.33	83.53	84.5899	82.96
Finance	MS	2022-08-03	84.68	85.05	85.59	84.12
Finance	MS	2022-08-04	85.2	85.36	85.65	84.8
Finance	MS	2022-08-05	84.99	86.13	86.71	84.71
Finance	MS	2022-08-06	85.88	86.08	86.97	85.33
Finance	MS	2022-08-07	86.32	86.06	87.09	85.64
Finance	MS	2022-08-08	86.76	86.03	87.22	85.95
Finance	MS	2022-08-09	86.45	86.36	86.8386	85.87
Finance	MS	2022-08-10	87.53	88.89	89.66	87.5
Finance	MS	2022-08-11	89.98	90.2	90.84	89.8
Finance	MS	2022-08-12	90.62	91.66	91.75	90.06
Finance	MS	2022-08-13	90.64	91.84	92.02	90.26
Finance	MS	2022-08-14	90.65	91.93	92.16	90.36
Finance	MS	2022-08-15	90.65	92.02	92.29	90.46
Finance	MS	2022-08-16	91.48	91.82	92.27	91.335
Finance	MS	2022-08-17	90.39	91.35	91.83	90.35
Finance	MS	2022-08-18	91.17	91.73	92.0	90.99
Finance	MS	2022-08-19	90.65	90.01	90.92	89.66
Finance	MS	2022-08-20	89.54	89.23	89.89	88.69
Finance	MS	2022-08-21	88.99	88.84	89.38	88.2
Finance	MS	2022-08-22	88.43	88.46	88.86	87.71
Finance	MS	2022-08-23	88.46	88.3	89.25	87.955
Finance	MS	2022-08-24	87.99	88.6	89.04	87.81
Finance	MS	2022-08-25	89.07	89.91	90.1	88.8
Finance	MS	2022-08-26	90.34	86.81	90.49	86.72
Finance	MS	2022-08-27	88.24	86.08	88.46	85.89
Finance	MS	2022-08-28	87.19	85.72	87.44	85.47
Finance	MS	2022-08-29	86.14	85.35	86.43	85.06
Finance	MS	2022-08-30	86.14	84.43	86.225	84.205
Finance	MS	2022-08-31	84.61	85.22	85.935	84.06
Finance	MS	2022-09-01	84.67	86.17	86.21	83.39
Finance	MS	2022-09-02	87.36	86.4	89.03	85.72
Finance	MS	2022-09-03	87.06	85.77	87.94	84.44
Finance	MS	2022-09-04	86.91	85.45	87.39	83.8
Finance	MS	2022-09-05	86.83	85.29	87.12	83.48
Finance	MS	2022-09-06	86.75	85.13	86.84	83.16
Finance	MS	2022-09-07	84.37	86.86	87.2599	84.37
Finance	MS	2022-09-08	86.53	88.44	88.49	86.0
Finance	MS	2022-09-09	89.22	89.46	89.82	88.8
Finance	MS	2022-09-10	89.61	89.81	90.43	89.32
Finance	MS	2022-09-11	89.81	89.98	90.74	89.58
Finance	MS	2022-09-12	90.0	90.15	91.04	89.845
Finance	MS	2022-09-13	88.01	87.05	88.68	86.8
Finance	MS	2022-09-14	87.54	87.18	88.11	86.13
Finance	MS	2022-09-15	87.34	88.26	89.46	87.25
Finance	MS	2022-09-16	87.4	87.43	87.7	85.58
Finance	MS	2022-09-17	86.76	88.08	88.36	85.83
Finance	MS	2022-09-18	86.44	88.4	88.69	85.95
Finance	MS	2022-09-19	86.12	88.72	89.02	86.08
Finance	MS	2022-09-20	88.1	87.19	88.45	86.37
Finance	MS	2022-09-21	87.9	86.36	89.15	86.35
Finance	MS	2022-09-22	86.91	84.77	87.25	84.27
Finance	MS	2022-09-23	83.28	81.51	83.69	80.22
Finance	MS	2022-09-24	82.1	80.64	82.67	79.62
Finance	MS	2022-09-25	81.51	80.2	82.16	79.31
Finance	MS	2022-09-26	80.92	79.76	81.66	79.01
Finance	MS	2022-09-27	80.7	79.48	80.85	78.35
Finance	MS	2022-09-28	79.76	81.47	81.89	79.69
Finance	MS	2022-09-29	80.8	79.86	81.03	79.03
Finance	MS	2022-09-30	79.77	79.01	81.16	78.865
Finance	MS	2022-10-01	79.91	79.69	81.07	78.59
Finance	MS	2022-10-02	79.98	80.03	81.03	78.45
Finance	MS	2022-10-03	80.05	80.38	80.98	78.3187
Finance	MS	2022-10-04	82.2	83.97	84.74	81.8
Finance	MS	2022-10-05	82.025	83.11	83.59	81.3796
Finance	MS	2022-10-06	82.445	81.31	83.19	81.13
Finance	MS	2022-10-07	80.7	78.93	80.79	78.375
Finance	MS	2022-10-08	80.07	78.67	80.26	78.1
Finance	MS	2022-10-09	79.75	78.54	79.99	77.96
Finance	MS	2022-10-10	79.44	78.41	79.7229	77.82
Finance	MS	2022-10-11	77.915	77.0	78.41	76.54
Finance	MS	2022-10-12	76.99	76.6	77.8	76.33
Finance	MS	2022-10-13	74.98	79.32	79.66	74.67
Finance	MS	2022-10-14	77.23	75.3	79.06	74.83
Finance	MS	2022-10-15	77.02	76.22	78.65	75.58
Finance	MS	2022-10-16	76.91	76.68	78.44	75.95
Finance	MS	2022-10-17	76.805	77.14	78.24	76.325
Finance	MS	2022-10-18	79.8	79.44	80.59	78.38
Finance	MS	2022-10-19	79.15	77.64	79.59	77.37
Finance	MS	2022-10-20	77.63	76.6	78.54	76.14
Finance	MS	2022-10-21	76.61	79.22	79.53	76.22
Finance	MS	2022-10-22	78.07	79.33	80.31	77.39
Finance	MS	2022-10-23	78.8	79.38	80.7	77.98
Finance	MS	2022-10-24	79.53	79.43	81.1	78.57
Finance	MS	2022-10-25	78.61	80.51	80.67	78.61
Finance	MS	2022-10-26	80.6	80.91	82.05	80.58
Finance	MS	2022-10-27	82.0	80.69	82.48	80.6
Finance	MS	2022-10-28	80.27	82.22	82.295	79.51
Finance	MS	2022-10-29	81.02	82.19	82.83	80.6
Finance	MS	2022-10-30	81.39	82.18	83.09	81.15
Finance	MS	2022-10-31	81.77	82.17	83.36	81.695
Finance	MS	2022-11-01	83.25	83.72	83.97	82.985
Finance	MS	2022-11-02	83.45	84.37	86.72	83.42
Finance	MS	2022-11-03	83.06	83.62	84.625	82.55
Finance	MS	2022-11-04	85.15	84.85	85.75	84.0
Finance	MS	2022-11-05	85.34	85.21	85.94	84.56
Finance	MS	2022-11-06	85.43	85.39	86.03	84.84
Finance	MS	2022-11-07	85.52	85.57	86.13	85.11
Finance	MS	2022-11-08	85.61	85.28	86.23	84.5068
Finance	MS	2022-11-09	84.88	83.45	85.34	83.19
Finance	MS	2022-11-10	86.69	88.8	88.98	86.52
Finance	MS	2022-11-11	89.0	90.78	91.6914	89.0
Finance	MS	2022-11-12	89.63	90.3	91.53	89.39
Finance	MS	2022-11-13	89.95	90.06	91.44	89.59
Finance	MS	2022-11-14	90.27	89.81	91.36	89.7858
Finance	MS	2022-11-15	91.07	90.5	91.8593	89.36
Finance	MS	2022-11-16	90.47	89.82	90.47	89.06
Finance	MS	2022-11-17	88.69	88.95	89.12	87.51
Finance	MS	2022-11-18	90.27	89.2	90.37	88.59
Finance	MS	2022-11-19	89.66	89.14	90.03	88.58
Finance	MS	2022-11-20	89.36	89.11	89.86	88.57
Finance	MS	2022-11-21	89.06	89.08	89.68	88.57
Finance	MS	2022-11-22	89.59	89.67	90.19	89.3
Finance	MS	2022-11-23	89.72	89.93	90.45	89.67
Finance	MS	2022-11-24	89.69	90.42	90.76	89.57
Finance	MS	2022-11-25	89.65	90.91	91.0799	89.47
Finance	MS	2022-11-26	89.93	90.4	91.09	89.59
Finance	MS	2022-11-27	90.06	90.15	91.09	89.65
Finance	MS	2022-11-28	90.2	89.89	91.1	89.7
Finance	MS	2022-11-29	89.64	91.08	91.4696	89.6
Finance	MS	2022-11-30	91.28	93.07	93.25	89.13
Finance	MS	2022-12-01	93.06	93.0	93.49	92.04
Finance	MS	2022-12-02	91.86	92.1	92.66	91.51
Finance	MS	2022-12-03	91.67	90.95	92.19	90.3
Finance	MS	2022-12-04	91.58	90.38	91.95	89.69
Finance	MS	2022-12-05	91.48	89.81	91.72	89.085
Finance	MS	2022-12-06	89.62	87.51	89.76	86.41
Finance	MS	2022-12-07	86.82	87.28	88.03	86.71
Finance	MS	2022-12-08	87.675	88.69	88.7898	87.0
Finance	MS	2022-12-09	88.68	89.47	89.76	88.37
Finance	MS	2022-12-10	88.84	90.3	90.54	88.33
Finance	MS	2022-12-11	88.93	90.71	90.93	88.31
Finance	MS	2022-12-12	89.01	91.12	91.325	88.28
Finance	MS	2022-12-13	93.66	92.71	95.16	92.07
Finance	MS	2022-12-14	92.51	90.5	92.68	89.87
Finance	MS	2022-12-15	89.15	87.79	89.19	86.92
Finance	MS	2022-12-16	86.53	86.86	86.87	85.83
Finance	MS	2022-12-17	86.63	86.2	86.96	85.39
Finance	MS	2022-12-18	86.69	85.88	87.0	85.17
Finance	MS	2022-12-19	86.74	85.55	87.04	84.955
Finance	MS	2022-12-20	85.92	85.16	86.452	85.135
Finance	MS	2022-12-21	86.41	86.87	87.815	86.35
Finance	MS	2022-12-22	86.58	86.37	86.58	84.77
Finance	MS	2022-12-23	86.33	86.11	86.58	85.35
Finance	MS	2022-12-24	86.34	85.59	86.47	85.14
Finance	MS	2022-12-25	86.35	85.33	86.41	85.04
Finance	MS	2022-12-26	86.35	85.19	86.38	84.99
Finance	MS	2022-12-27	86.36	85.06	86.36	84.94
Finance	MS	2022-12-28	84.96	84.46	85.21	84.06
Finance	MS	2022-12-29	84.96	85.24	85.5869	84.56
Finance	MS	2022-12-30	84.695	85.02	85.2033	84.175
Finance	MS	2022-12-31	85.16	85.37	85.9	84.58
Finance	MS	2023-01-01	85.4	85.55	86.25	84.78
Finance	MS	2023-01-02	85.52	85.63	86.42	84.88
Finance	MS	2023-01-03	85.635	85.72	86.6	84.98
Finance	MS	2023-01-04	85.55	86.65	87.35	85.175
Finance	MS	2023-01-05	85.9	85.92	86.1674	84.83
Finance	MS	2023-01-06	86.44	87.56	87.96	85.71
Finance	MS	2023-01-07	87.34	87.6	88.44	86.56
Finance	MS	2023-01-08	87.79	87.62	88.68	86.98
Finance	MS	2023-01-09	88.245	87.64	88.9125	87.41
Finance	MS	2023-01-10	87.55	88.92	88.93	86.84
Finance	MS	2023-01-11	89.37	89.43	89.81	88.85
Finance	MS	2023-01-12	90.02	90.53	91.81	89.35
Finance	MS	2023-01-13	89.03	91.66	91.98	88.27
Finance	MS	2023-01-14	92.47	94.37	95.54	91.63
Finance	MS	2023-01-15	94.19	95.72	97.32	93.31
Finance	MS	2023-01-16	95.05	96.4	98.21	94.16
Finance	MS	2023-01-17	95.9	97.08	99.1	95.0
Finance	MS	2023-01-18	96.8	96.58	97.95	96.335
Finance	MS	2023-01-19	94.61	94.15	94.98	92.94
Finance	MS	2023-01-20	94.13	96.24	96.28	93.88
Finance	MS	2023-01-21	95.0	96.69	96.75	94.69
Finance	MS	2023-01-22	95.44	96.91	96.98	95.09
Finance	MS	2023-01-23	95.87	97.13	97.22	95.49
Finance	MS	2023-01-24	96.28	95.51	96.81	89.14
Finance	MS	2023-01-25	94.88	95.64	95.93	94.44
Finance	MS	2023-01-26	96.22	96.5	96.54	95.311
Finance	MS	2023-01-27	96.41	96.86	97.43	95.71
Finance	MS	2023-01-28	95.72	96.41	97.02	95.31
Finance	MS	2023-01-29	95.38	96.19	96.81	95.12
Finance	MS	2023-01-30	95.03	95.96	96.61	94.92
Finance	MS	2023-01-31	96.29	97.33	97.37	95.7644
EVs	TSLA	2022-08-01	301.275	297.2767	311.8782	295.0
EVs	TSLA	2022-08-02	294.0033	300.5867	307.8333	292.6667
EVs	TSLA	2022-08-03	305.0	307.3967	309.55	301.15
EVs	TSLA	2022-08-04	311.0	308.6333	313.6067	305.0
EVs	TSLA	2022-08-05	302.67	288.17	304.6066	285.5447
EVs	TSLA	2022-08-06	298.84	289.3	304.9	287.32
EVs	TSLA	2022-08-07	296.92	289.86	305.05	288.2
EVs	TSLA	2022-08-08	295.0	290.4233	305.2	289.0854
EVs	TSLA	2022-08-09	290.2933	283.3333	292.3967	279.3533
EVs	TSLA	2022-08-10	297.0667	294.3567	297.51	283.37
EVs	TSLA	2022-08-11	296.5133	286.63	298.2367	285.8333
EVs	TSLA	2022-08-12	289.415	300.03	300.16	285.0333
EVs	TSLA	2022-08-13	295.6	304.67	306.65	293.13
EVs	TSLA	2022-08-14	298.69	307.0	309.89	297.18
EVs	TSLA	2022-08-15	301.7867	309.32	313.1333	301.23
EVs	TSLA	2022-08-16	311.6667	306.5633	314.6667	302.8833
EVs	TSLA	2022-08-17	303.3967	303.9967	309.6567	300.0333
EVs	TSLA	2022-08-18	306.0	302.87	306.5	301.8533
EVs	TSLA	2022-08-19	299.0	296.6667	300.36	292.5
EVs	TSLA	2022-08-20	295.46	293.29	296.38	289.4
EVs	TSLA	2022-08-21	293.69	291.6	294.39	287.85
EVs	TSLA	2022-08-22	291.9133	289.9133	292.4	286.2967
EVs	TSLA	2022-08-23	291.4533	296.4533	298.8266	287.9233
EVs	TSLA	2022-08-24	297.5633	297.0967	303.6467	296.5
EVs	TSLA	2022-08-25	302.36	296.07	302.96	291.6
EVs	TSLA	2022-08-26	297.43	288.09	302.0	287.47
EVs	TSLA	2022-08-27	290.13	286.45	294.87	284.09
EVs	TSLA	2022-08-28	286.48	285.63	291.31	282.39
EVs	TSLA	2022-08-29	282.83	284.82	287.74	280.7
EVs	TSLA	2022-08-30	287.865	277.7	288.48	272.65
EVs	TSLA	2022-08-31	280.62	275.61	281.25	271.81
EVs	TSLA	2022-09-01	272.575	277.16	277.58	266.15
EVs	TSLA	2022-09-02	281.065	270.21	282.35	269.08
EVs	TSLA	2022-09-03	276.87	272.31	279.17	267.41
EVs	TSLA	2022-09-04	274.77	273.37	277.58	266.58
EVs	TSLA	2022-09-05	273.72	273.89	276.78	266.16
EVs	TSLA	2022-09-06	272.675	274.42	275.99	265.74
EVs	TSLA	2022-09-07	273.1	283.7	283.84	272.27
EVs	TSLA	2022-09-08	281.3	289.26	289.5	279.76
EVs	TSLA	2022-09-09	291.67	299.68	299.85	291.245
EVs	TSLA	2022-09-10	296.2	302.05	302.67	295.82
EVs	TSLA	2022-09-11	298.46	303.24	304.08	298.11
EVs	TSLA	2022-09-12	300.72	304.42	305.49	300.4
EVs	TSLA	2022-09-13	292.9	292.13	297.3999	290.4
EVs	TSLA	2022-09-14	292.24	302.61	306.0	291.64
EVs	TSLA	2022-09-15	301.825	303.75	309.12	300.7247
EVs	TSLA	2022-09-16	299.605	303.35	303.71	295.6005
EVs	TSLA	2022-09-17	299.85	306.21	306.77	296.7
EVs	TSLA	2022-09-18	299.97	307.64	308.3	297.25
EVs	TSLA	2022-09-19	300.09	309.07	309.84	297.8
EVs	TSLA	2022-09-20	306.91	308.73	313.33	305.58
EVs	TSLA	2022-09-21	308.29	300.8	313.8	300.63
EVs	TSLA	2022-09-22	299.86	288.59	301.29	285.82
EVs	TSLA	2022-09-23	283.09	275.33	284.5	272.82
EVs	TSLA	2022-09-24	277.46	275.67	284.29	271.56
EVs	TSLA	2022-09-25	274.64	275.84	284.19	270.94
EVs	TSLA	2022-09-26	271.83	276.01	284.09	270.31
EVs	TSLA	2022-09-27	283.84	282.94	288.67	277.51
EVs	TSLA	2022-09-28	283.08	287.81	289.0	277.57
EVs	TSLA	2022-09-29	282.76	268.21	283.65	265.78
EVs	TSLA	2022-09-30	266.145	265.25	275.57	262.47
EVs	TSLA	2022-10-01	260.32	253.82	265.37	251.74
EVs	TSLA	2022-10-02	257.41	248.11	260.26	246.38
EVs	TSLA	2022-10-03	254.5	242.4	255.16	241.01
EVs	TSLA	2022-10-04	250.52	249.44	257.5	242.01
EVs	TSLA	2022-10-05	245.01	240.81	246.6697	233.27
EVs	TSLA	2022-10-06	239.44	238.13	244.58	235.35
EVs	TSLA	2022-10-07	233.935	223.07	234.5715	222.02
EVs	TSLA	2022-10-08	228.93	223.01	230.78	220.19
EVs	TSLA	2022-10-09	226.43	222.99	228.88	219.27
EVs	TSLA	2022-10-10	223.93	222.96	226.99	218.3582
EVs	TSLA	2022-10-11	220.945	216.5	225.75	215.0
EVs	TSLA	2022-10-12	215.33	217.24	219.2999	211.51
EVs	TSLA	2022-10-13	208.3	221.72	222.99	206.22
EVs	TSLA	2022-10-14	224.01	204.99	226.26	204.16
EVs	TSLA	2022-10-15	217.02	212.17	224.06	206.81
EVs	TSLA	2022-10-16	213.53	215.76	222.96	208.13
EVs	TSLA	2022-10-17	210.04	219.35	221.86	209.45
EVs	TSLA	2022-10-18	229.5	220.19	229.82	217.25
EVs	TSLA	2022-10-19	219.8	222.04	222.93	217.78
EVs	TSLA	2022-10-20	208.28	207.28	215.55	202.0
EVs	TSLA	2022-10-21	206.415	214.44	214.66	203.8
EVs	TSLA	2022-10-22	206.12	212.84	214.08	201.19
EVs	TSLA	2022-10-23	205.97	212.05	213.79	199.89
EVs	TSLA	2022-10-24	205.82	211.25	213.5	198.5863
EVs	TSLA	2022-10-25	210.1	222.415	224.3498	210.0
EVs	TSLA	2022-10-26	219.4	224.64	230.6	218.2
EVs	TSLA	2022-10-27	229.77	225.09	233.81	222.85
EVs	TSLA	2022-10-28	225.4	228.52	228.86	216.35
EVs	TSLA	2022-10-29	225.8	228.03	229.36	219.14
EVs	TSLA	2022-10-30	226.0	227.78	229.61	220.54
EVs	TSLA	2022-10-31	226.19	227.54	229.85	221.94
EVs	TSLA	2022-11-01	234.05	227.82	237.3951	227.28
EVs	TSLA	2022-11-02	226.04	214.98	227.8699	214.82
EVs	TSLA	2022-11-03	211.36	215.31	221.2	210.14
EVs	TSLA	2022-11-04	222.6	207.47	223.8	203.08
EVs	TSLA	2022-11-05	215.62	202.28	216.35	199.87
EVs	TSLA	2022-11-06	212.13	199.68	212.62	198.26
EVs	TSLA	2022-11-07	208.65	197.08	208.9	196.66
EVs	TSLA	2022-11-08	194.02	191.3	195.2	186.75
EVs	TSLA	2022-11-09	190.775	177.59	195.89	177.12
EVs	TSLA	2022-11-10	189.9	190.72	191.0	180.03
EVs	TSLA	2022-11-11	186.0	195.97	196.52	182.59
EVs	TSLA	2022-11-12	189.38	193.46	196.12	184.47
EVs	TSLA	2022-11-13	191.07	192.2	195.93	185.41
EVs	TSLA	2022-11-14	192.77	190.95	195.73	186.34
EVs	TSLA	2022-11-15	195.88	194.42	200.8237	192.06
EVs	TSLA	2022-11-16	191.51	186.92	192.57	185.66
EVs	TSLA	2022-11-17	183.96	183.17	186.16	180.9
EVs	TSLA	2022-11-18	185.05	180.19	185.19	176.55
EVs	TSLA	2022-11-19	180.45	174.03	180.98	172.05
EVs	TSLA	2022-11-20	178.15	170.95	178.88	169.8
EVs	TSLA	2022-11-21	175.85	167.87	176.77	167.54
EVs	TSLA	2022-11-22	168.63	169.91	170.92	166.185
EVs	TSLA	2022-11-23	173.57	183.2	183.62	172.5
EVs	TSLA	2022-11-24	179.31	183.03	184.41	176.56
EVs	TSLA	2022-11-25	185.06	182.86	185.2	180.63
EVs	TSLA	2022-11-26	182.51	182.89	186.85	179.81
EVs	TSLA	2022-11-27	181.24	182.9	187.68	179.41
EVs	TSLA	2022-11-28	179.96	182.92	188.5	179.0
EVs	TSLA	2022-11-29	184.99	180.83	186.38	178.75
EVs	TSLA	2022-11-30	182.43	194.7	194.76	180.6301
EVs	TSLA	2022-12-01	197.08	194.7	198.92	191.8
EVs	TSLA	2022-12-02	191.78	194.86	196.25	191.11
EVs	TSLA	2022-12-03	190.61	188.66	193.76	185.83
EVs	TSLA	2022-12-04	190.03	185.56	192.51	183.19
EVs	TSLA	2022-12-05	189.44	182.45	191.27	180.55
EVs	TSLA	2022-12-06	181.215	179.82	183.65	175.33
EVs	TSLA	2022-12-07	175.03	174.04	179.38	172.218
EVs	TSLA	2022-12-08	172.2	173.44	175.2	169.06
EVs	TSLA	2022-12-09	173.84	179.05	182.5	173.36
EVs	TSLA	2022-12-10	174.97	173.44	179.94	170.44
EVs	TSLA	2022-12-11	175.53	170.63	178.66	168.98
EVs	TSLA	2022-12-12	176.1	167.82	177.37	167.52
EVs	TSLA	2022-12-13	174.87	160.95	175.05	156.91
EVs	TSLA	2022-12-14	159.25	156.8	161.62	155.31
EVs	TSLA	2022-12-15	153.44	157.67	160.9299	153.28
EVs	TSLA	2022-12-16	159.635	150.23	160.99	150.04
EVs	TSLA	2022-12-17	156.82	150.05	158.12	147.93
EVs	TSLA	2022-12-18	155.41	149.96	156.69	146.88
EVs	TSLA	2022-12-19	154.0	149.87	155.25	145.82
EVs	TSLA	2022-12-20	146.05	137.8	148.47	137.66
EVs	TSLA	2022-12-21	139.335	137.57	141.26	135.89
EVs	TSLA	2022-12-22	136.0	125.35	136.63	122.26
EVs	TSLA	2022-12-23	126.37	123.15	128.6173	121.02
EVs	TSLA	2022-12-24	121.93	116.12	124.14	114.89
EVs	TSLA	2022-12-25	119.71	112.61	121.91	111.83
EVs	TSLA	2022-12-26	118.6	110.85	120.79	110.3
EVs	TSLA	2022-12-27	117.495	109.1	119.67	108.76
EVs	TSLA	2022-12-28	110.35	112.71	116.27	108.24
EVs	TSLA	2022-12-29	120.385	121.82	123.57	117.495
EVs	TSLA	2022-12-30	119.95	123.18	124.48	119.75
EVs	TSLA	2022-12-31	119.21	115.64	121.64	112.19
EVs	TSLA	2023-01-01	118.84	111.87	120.22	108.41
EVs	TSLA	2023-01-02	118.66	109.98	119.51	106.53
EVs	TSLA	2023-01-03	118.47	108.1	118.8	104.64
EVs	TSLA	2023-01-04	109.11	113.64	114.59	107.52
EVs	TSLA	2023-01-05	110.51	110.34	111.75	107.1601
EVs	TSLA	2023-01-06	103.0	113.06	114.39	101.81
EVs	TSLA	2023-01-07	110.98	116.41	118.95	109.46
EVs	TSLA	2023-01-08	114.97	118.09	121.23	113.28
EVs	TSLA	2023-01-09	118.96	119.77	123.52	117.11
EVs	TSLA	2023-01-10	121.07	118.85	122.76	114.92
EVs	TSLA	2023-01-11	122.09	123.22	125.95	120.51
EVs	TSLA	2023-01-12	122.56	123.56	124.1311	117.0
EVs	TSLA	2023-01-13	116.55	122.4	122.63	115.6
EVs	TSLA	2023-01-14	121.12	126.95	127.16	120.31
EVs	TSLA	2023-01-15	123.41	129.22	129.43	122.66
EVs	TSLA	2023-01-16	124.55	130.36	130.56	123.84
EVs	TSLA	2023-01-17	125.695	131.49	131.7	125.02
EVs	TSLA	2023-01-18	136.555	128.78	136.68	127.01
EVs	TSLA	2023-01-19	127.26	127.17	129.99	124.3082
EVs	TSLA	2023-01-20	128.68	133.42	133.51	127.3466
EVs	TSLA	2023-01-21	132.28	138.58	139.44	130.81
EVs	TSLA	2023-01-22	134.07	141.17	142.41	132.54
EVs	TSLA	2023-01-23	135.87	143.75	145.3793	134.27
EVs	TSLA	2023-01-24	143.0	143.89	146.5	141.1
EVs	TSLA	2023-01-25	141.905	144.43	146.41	138.07
EVs	TSLA	2023-01-26	159.965	160.27	161.42	154.76
EVs	TSLA	2023-01-27	162.43	177.9	180.68	161.17
EVs	TSLA	2023-01-28	170.24	172.28	180.23	163.83
EVs	TSLA	2023-01-29	174.15	169.47	180.0	165.17
EVs	TSLA	2023-01-30	178.05	166.66	179.77	166.5
EVs	TSLA	2023-01-31	164.57	173.22	174.3	162.78
Tech	GOOGL	2022-08-01	115.3	114.86	116.72	114.34
Tech	GOOGL	2022-08-02	114.0	115.13	116.35	113.72
Tech	GOOGL	2022-08-03	115.71	118.08	118.62	115.48
Tech	GOOGL	2022-08-04	117.48	118.19	118.78	116.89
Tech	GOOGL	2022-08-05	116.23	117.47	118.1056	116.0
Tech	GOOGL	2022-08-06	117.31	117.38	119.13	116.44
Tech	GOOGL	2022-08-07	117.85	117.34	119.64	116.66
Tech	GOOGL	2022-08-08	118.39	117.3	120.15	116.88
Tech	GOOGL	2022-08-09	117.135	116.63	117.32	115.71
Tech	GOOGL	2022-08-10	118.78	119.7	120.92	118.41
Tech	GOOGL	2022-08-11	121.28	118.84	121.49	118.56
Tech	GOOGL	2022-08-12	120.26	121.68	121.68	119.46
Tech	GOOGL	2022-08-13	120.69	121.88	121.99	120.03
Tech	GOOGL	2022-08-14	120.91	121.98	122.14	120.32
Tech	GOOGL	2022-08-15	121.13	122.08	122.3	120.61
Tech	GOOGL	2022-08-16	121.52	121.7	122.43	120.64
Tech	GOOGL	2022-08-17	120.12	119.55	121.29	119.38
Tech	GOOGL	2022-08-18	119.43	120.17	120.82	118.72
Tech	GOOGL	2022-08-19	119.06	117.21	119.15	116.76
Tech	GOOGL	2022-08-20	117.13	115.72	117.39	115.31
Tech	GOOGL	2022-08-21	116.16	114.98	116.51	114.58
Tech	GOOGL	2022-08-22	115.2	114.24	115.63	113.85
Tech	GOOGL	2022-08-23	113.475	113.86	115.01	113.43
Tech	GOOGL	2022-08-24	113.5	113.69	114.78	112.8701
Tech	GOOGL	2022-08-25	114.235	116.65	116.72	114.11
Tech	GOOGL	2022-08-26	114.72	110.34	115.12	110.19
Tech	GOOGL	2022-08-27	112.35	109.88	113.03	109.5
Tech	GOOGL	2022-08-28	111.17	109.65	111.99	109.15
Tech	GOOGL	2022-08-29	109.99	109.42	110.95	108.8
Tech	GOOGL	2022-08-30	110.17	108.94	110.5	107.8
Tech	GOOGL	2022-08-31	110.65	108.22	110.85	108.13
Tech	GOOGL	2022-09-01	108.28	109.74	110.445	107.36
Tech	GOOGL	2022-09-02	110.59	107.85	110.74	107.26
Tech	GOOGL	2022-09-03	108.94	107.33	109.38	106.52
Tech	GOOGL	2022-09-04	108.12	107.07	108.7	106.15
Tech	GOOGL	2022-09-05	107.71	106.94	108.37	105.97
Tech	GOOGL	2022-09-06	107.3	106.81	108.03	105.78
Tech	GOOGL	2022-09-07	107.06	109.45	109.98	106.9
Tech	GOOGL	2022-09-08	108.04	108.38	109.6	107.16
Tech	GOOGL	2022-09-09	109.065	110.65	110.99	109.02
Tech	GOOGL	2022-09-10	110.03	110.75	111.31	109.47
Tech	GOOGL	2022-09-11	110.51	110.81	111.47	109.7
Tech	GOOGL	2022-09-12	110.99	110.86	111.62	109.93
Tech	GOOGL	2022-09-13	107.8	104.32	108.3	104.09
Tech	GOOGL	2022-09-14	104.57	105.0	105.275	103.66
Tech	GOOGL	2022-09-15	104.03	102.91	105.27	102.35
Tech	GOOGL	2022-09-16	102.07	102.8	103.13	100.94
Tech	GOOGL	2022-09-17	101.91	102.94	103.23	101.25
Tech	GOOGL	2022-09-18	101.83	103.0	103.28	101.4
Tech	GOOGL	2022-09-19	101.75	103.07	103.33	101.55
Tech	GOOGL	2022-09-20	102.08	101.14	102.37	100.52
Tech	GOOGL	2022-09-21	101.67	99.28	102.88	99.27
Tech	GOOGL	2022-09-22	98.82	100.14	101.24	98.79
Tech	GOOGL	2022-09-23	99.63	98.74	99.66	97.47
Tech	GOOGL	2022-09-24	98.86	98.45	99.77	97.63
Tech	GOOGL	2022-09-25	98.48	98.31	99.82	97.72
Tech	GOOGL	2022-09-26	98.1	98.17	99.88	97.8
Tech	GOOGL	2022-09-27	99.43	97.5	100.0	96.872
Tech	GOOGL	2022-09-28	97.65	100.05	100.7	97.11
Tech	GOOGL	2022-09-29	98.64	97.42	98.64	95.96
Tech	GOOGL	2022-09-30	97.05	95.65	98.9	95.56
Tech	GOOGL	2022-10-01	96.91	97.15	99.09	96.04
Tech	GOOGL	2022-10-02	96.84	97.9	99.19	96.28
Tech	GOOGL	2022-10-03	96.76	98.64	99.2872	96.521
Tech	GOOGL	2022-10-04	100.44	101.64	101.84	100.38
Tech	GOOGL	2022-10-05	99.825	101.43	101.93	98.8
Tech	GOOGL	2022-10-06	100.68	101.42	102.9254	100.59
Tech	GOOGL	2022-10-07	99.85	98.68	100.53	98.295
Tech	GOOGL	2022-10-08	99.42	98.27	99.81	97.65
Tech	GOOGL	2022-10-09	99.21	98.06	99.45	97.33
Tech	GOOGL	2022-10-10	99.0	97.86	99.095	97.01
Tech	GOOGL	2022-10-11	97.43	97.18	99.245	96.31
Tech	GOOGL	2022-10-12	97.3	97.56	98.75	96.735
Tech	GOOGL	2022-10-13	95.15	99.06	99.775	94.3836
Tech	GOOGL	2022-10-14	99.99	96.56	100.69	96.37
Tech	GOOGL	2022-10-15	99.42	98.27	100.81	97.6
Tech	GOOGL	2022-10-16	99.14	99.12	100.87	98.22
Tech	GOOGL	2022-10-17	98.86	99.97	100.93	98.83
Tech	GOOGL	2022-10-18	103.13	100.77	103.47	99.97
Tech	GOOGL	2022-10-19	100.01	99.63	101.0183	98.9201
Tech	GOOGL	2022-10-20	100.0	99.97	102.32	99.39
Tech	GOOGL	2022-10-21	97.845	101.13	101.31	97.72
Tech	GOOGL	2022-10-22	99.82	101.82	102.03	98.85
Tech	GOOGL	2022-10-23	100.81	102.17	102.39	99.41
Tech	GOOGL	2022-10-24	101.8	102.52	102.75	99.98
Tech	GOOGL	2022-10-25	102.9	104.48	104.82	102.72
Tech	GOOGL	2022-10-26	96.43	94.93	98.31	94.69
Tech	GOOGL	2022-10-27	94.52	92.22	95.43	91.8
Tech	GOOGL	2022-10-28	92.27	96.29	96.55	92.13
Tech	GOOGL	2022-10-29	93.84	95.4	96.29	93.06
Tech	GOOGL	2022-10-30	94.63	94.96	96.16	93.52
Tech	GOOGL	2022-10-31	95.42	94.51	96.03	93.98
Tech	GOOGL	2022-11-01	95.45	90.47	96.03	90.37
Tech	GOOGL	2022-11-02	90.94	86.97	91.18	86.88
Tech	GOOGL	2022-11-03	86.32	83.43	86.52	83.34
Tech	GOOGL	2022-11-04	85.4	86.58	86.64	83.71
Tech	GOOGL	2022-11-05	86.34	87.53	87.77	85.28
Tech	GOOGL	2022-11-06	86.81	88.01	88.34	86.06
Tech	GOOGL	2022-11-07	87.28	88.49	88.9	86.85
Tech	GOOGL	2022-11-08	88.9	88.9	90.32	87.5901
Tech	GOOGL	2022-11-09	88.45	87.32	89.435	87.28
Tech	GOOGL	2022-11-10	92.25	93.94	94.39	91.61
Tech	GOOGL	2022-11-11	94.69	96.41	96.93	93.92
Tech	GOOGL	2022-11-12	94.89	96.06	96.86	94.22
Tech	GOOGL	2022-11-13	94.99	95.88	96.83	94.37
Tech	GOOGL	2022-11-14	95.09	95.7	96.79	94.51
Tech	GOOGL	2022-11-15	98.26	98.44	100.14	96.71
Tech	GOOGL	2022-11-16	97.9	98.85	99.6375	97.64
Tech	GOOGL	2022-11-17	96.97	98.36	99.28	96.79
Tech	GOOGL	2022-11-18	98.77	97.43	98.9	96.37
Tech	GOOGL	2022-11-19	98.03	96.52	98.65	95.86
Tech	GOOGL	2022-11-20	97.66	96.06	98.53	95.61
Tech	GOOGL	2022-11-21	97.29	95.6	98.4	95.355
Tech	GOOGL	2022-11-22	95.95	97.05	97.22	94.05
Tech	GOOGL	2022-11-23	97.09	98.46	98.76	97.09
Tech	GOOGL	2022-11-24	97.66	97.96	98.7	97.25
Tech	GOOGL	2022-11-25	98.24	97.46	98.64	97.4
Tech	GOOGL	2022-11-26	97.64	96.75	98.11	96.5
Tech	GOOGL	2022-11-27	97.34	96.4	97.84	96.06
Tech	GOOGL	2022-11-28	97.0363	96.05	97.58	95.61
Tech	GOOGL	2022-11-29	95.73	95.19	96.12	94.11
Tech	GOOGL	2022-11-30	94.82	100.99	101.04	94.42
Tech	GOOGL	2022-12-01	101.02	100.99	102.25	100.25
Tech	GOOGL	2022-12-02	99.05	100.44	100.77	98.9
Tech	GOOGL	2022-12-03	99.22	99.96	101.07	98.95
Tech	GOOGL	2022-12-04	99.31	99.72	101.22	98.97
Tech	GOOGL	2022-12-05	99.4	99.48	101.38	99.0
Tech	GOOGL	2022-12-06	99.3	96.98	99.78	96.42
Tech	GOOGL	2022-12-07	96.41	94.94	96.8811	94.715
Tech	GOOGL	2022-12-08	95.38	93.71	95.58	93.45
Tech	GOOGL	2022-12-09	93.77	92.83	94.26	92.75
Tech	GOOGL	2022-12-10	93.24	93.07	93.91	92.18
Tech	GOOGL	2022-12-11	92.97	93.19	93.73	91.9
Tech	GOOGL	2022-12-12	92.71	93.31	93.56	91.61
Tech	GOOGL	2022-12-13	97.76	95.63	99.53	95.03
Tech	GOOGL	2022-12-14	95.2	95.07	96.87	93.6
Tech	GOOGL	2022-12-15	93.13	90.86	93.64	90.01
Tech	GOOGL	2022-12-16	90.76	90.26	91.33	89.52
Tech	GOOGL	2022-12-17	90.51	89.35	90.94	88.86
Tech	GOOGL	2022-12-18	90.38	88.89	90.75	88.53
Tech	GOOGL	2022-12-19	90.255	88.44	90.56	88.21
Tech	GOOGL	2022-12-20	88.11	89.02	89.175	87.4401
Tech	GOOGL	2022-12-21	89.08	89.58	90.22	88.32
Tech	GOOGL	2022-12-22	88.16	87.76	88.54	86.32
Tech	GOOGL	2022-12-23	87.11	89.23	89.545	87.07
Tech	GOOGL	2022-12-24	87.95	88.31	89.24	87.04
Tech	GOOGL	2022-12-25	88.37	87.85	89.09	87.03
Tech	GOOGL	2022-12-26	88.58	87.62	89.02	87.02
Tech	GOOGL	2022-12-27	88.795	87.39	88.94	87.01
Tech	GOOGL	2022-12-28	86.98	86.02	88.04	85.94
Tech	GOOGL	2022-12-29	86.62	88.45	88.845	86.61
Tech	GOOGL	2022-12-30	86.98	88.23	88.3	86.57
Tech	GOOGL	2022-12-31	88.28	88.68	89.67	87.54
Tech	GOOGL	2023-01-01	88.93	88.9	90.36	88.03
Tech	GOOGL	2023-01-02	89.26	89.01	90.7	88.28
Tech	GOOGL	2023-01-03	89.585	89.12	91.05	88.52
Tech	GOOGL	2023-01-04	90.35	88.08	90.65	87.271
Tech	GOOGL	2023-01-05	87.47	86.2	87.57	85.9
Tech	GOOGL	2023-01-06	86.79	87.34	87.69	84.86
Tech	GOOGL	2023-01-07	87.58	87.68	88.87	86.36
Tech	GOOGL	2023-01-08	87.97	87.85	89.46	87.11
Tech	GOOGL	2023-01-09	88.36	88.02	90.05	87.86
Tech	GOOGL	2023-01-10	85.98	88.42	88.67	85.83
Tech	GOOGL	2023-01-11	89.18	91.52	91.6	89.01
Tech	GOOGL	2023-01-12	91.48	91.13	91.87	89.75
Tech	GOOGL	2023-01-13	90.85	92.12	92.19	90.1299
Tech	GOOGL	2023-01-14	91.45	91.71	92.22	90.09
Tech	GOOGL	2023-01-15	91.75	91.5	92.23	90.07
Tech	GOOGL	2023-01-16	91.91	91.4	92.24	90.06
Tech	GOOGL	2023-01-17	92.06	91.29	92.25	90.05
Tech	GOOGL	2023-01-18	92.14	91.12	92.7999	90.64
Tech	GOOGL	2023-01-19	90.72	93.05	93.605	90.63
Tech	GOOGL	2023-01-20	95.1	98.02	98.3	95.02
Tech	GOOGL	2023-01-21	96.53	98.91	99.17	96.26
Tech	GOOGL	2023-01-22	97.24	99.35	99.61	96.88
Tech	GOOGL	2023-01-23	97.95	99.79	100.04	97.5
Tech	GOOGL	2023-01-24	98.1	97.7	99.61	97.2
Tech	GOOGL	2023-01-25	95.57	95.22	96.162	93.76
Tech	GOOGL	2023-01-26	96.5	97.52	97.57	95.38
Tech	GOOGL	2023-01-27	97.31	99.37	100.32	97.31
Tech	GOOGL	2023-01-28	97.4	98.16	99.31	96.85
Tech	GOOGL	2023-01-29	97.44	97.55	98.8	96.62
Tech	GOOGL	2023-01-30	97.48	96.94	98.29	96.395
Tech	GOOGL	2023-01-31	96.87	98.84	98.88	96.82
